Marvin Griffith,(839) 823-9857,gi@kapgekguk.bw,21
Todd Houston,(844) 235-6809,ne@tiz.su,37
Bertha Ramirez,(677) 752-1806,wipef@vuwemooh.dk,7
Luke Gardner,(840) 339-5456,ipovuvon@zi.bi,10
Pearl Patterson,(235) 660-5572,tetzir@il.ga,22
Gerald Reed,(225) 968-1082,ujap@pobra.uy,27
Jason Kelley,(321) 700-4922,ticrul@ecu.np,36
Brett Scott,(860) 679-1568,vohadi@pikucaene.bm,21
Rosie Turner,(226) 875-2459,kajicra@jen.mk,12
Ricky Underwood,(668) 250-2918,vu@guleso.mu,11
Lelia Bryan,(960) 839-1240,fujendi@matizejek.tg,13
Christian Lowe,(342) 514-8109,ropi@zum.ss,34
Thomas Lawrence,(440) 765-2171,edinum@juhbusza.gg,15
Lydia Pearson,(444) 459-4989,uvget@ajade.tt,19
Cecilia Craig,(687) 757-4487,hi@asva.sn,8
Thomas Bryan,(742) 688-9977,iwa@dez.com,11
Ollie Marsh,(864) 729-6194,wetni@fiojeuz.gn,17
Wesley Alvarado,(937) 979-8040,fe@ruwwouna.is,37
Lela Bell,(278) 907-6616,curhaap@pomcadro.pe,12
Katie Lambert,(635) 792-7159,otpadwul@uzuwu.hu,35
Alma Foster,(559) 776-6781,raewota@wu.nz,38
Robert Burns,(644) 973-2975,lelkice@seseko.kp,45
Noah Roberson,(637) 834-2058,bi@sece.pf,24
Lillie Brown,(615) 636-4722,juhkad@bip.bi,12
Rhoda Romero,(663) 313-8053,nebcocek@ja.kr,54
Lula Cummings,(777) 486-8546,cobegno@eho.fk,56
Dennis Fernandez,(269) 355-4242,kob@umfapad.tc,38
Inez Castro,(935) 857-1776,poba@gusjoj.pm,10
Ora Fernandez,(787) 981-2182,oco@oduhispom.tt,37
Herbert Swanson,(438) 479-9437,kijokez@pih.gq,12
Charles Strickland,(200) 890-9697,owo@wafdur.zm,22
Milton Tucker,(379) 811-6203,games@notzujbe.cy,21
Matthew Miller,(376) 210-4126,vi@coluven.vn,42
Victoria Johnston,(761) 753-5586,kiju@rigcik.mn,61
Ida Blake,(443) 469-4172,kamheboh@cu.il,14
Mathilda Spencer,(323) 791-2087,raeduava@ogfepfiz.kp,36
Phillip Warner,(888) 445-6644,ek@wor.sz,33
Noah Payne,(743) 579-4050,owidobzi@hovsam.br,14
Rodney Nunez,(841) 314-9459,cesugli@tijoda.kg,47
Jean French,(524) 784-7099,uzeko@ecifufso.sd,44
Agnes Sanchez,(612) 825-2401,zog@hadepeg.sz,51
Jimmy Hart,(638) 317-2138,jeb@wowci.gov,34
Austin Salazar,(805) 630-4403,ucufuvku@tofbi.in,21
Luella Foster,(650) 239-3195,apijune@wowlakbir.eu,27
Lida Lane,(707) 310-2836,duwuc@mepbu.sy,57
Cecilia Fox,(884) 633-3773,nubeari@wenho.vi,42
Jennie Castillo,(706) 212-5652,gizpispi@gucujaj.ng,14
Tyler Patterson,(680) 798-6423,za@fifegu.hu,26
Lucile Vargas,(851) 237-5959,ahuriufe@fojbe.kz,46
Scott Patton,(228) 662-3034,lufle@imo.de,44
Luke Gross,(429) 905-3019,olubuvbok@ri.ws,45
Inez Mills,(843) 974-3549,unopouz@nelipoc.ve,35
Edward Jordan,(776) 730-3780,vaj@utfe.dk,48
Charles Bryant,(350) 759-9949,cobsad@tiwwefa.au,23
Teresa Garner,(257) 654-8161,zivsovem@mi.ws,45
Aiden Banks,(613) 633-6365,javovad@pi.tm,29
Chester Tucker,(515) 568-4586,vukfozo@corabwa.id,9
Ian Cain,(444) 388-6773,hakuwi@em.nl,51
Dora Brooks,(951) 762-9572,kope@egaaso.vi,35
Derrick Butler,(834) 381-9132,hefo@wehevotez.qa,27
Benjamin Sharp,(603) 635-4236,iccevus@bohmijup.nr,32
Mathilda Rose,(640) 866-9709,tufhuvce@wihzis.sc,35
Maggie Gray,(851) 495-4427,rige@zofim.ge,51
Julian Taylor,(200) 459-1197,inobejas@caf.io,22
Carrie McGuire,(950) 498-1476,gunvuzala@ga.jo,32
Elmer Gray,(677) 387-8602,noc@wijewlob.af,45
Chester Patton,(408) 496-4866,eba@pasensob.st,64
Gregory Brooks,(800) 692-2225,sepof@ru.cz,64
Bertie Armstrong,(376) 728-3613,mojago@pe.nl,34
Wesley Ward,(318) 923-6785,nejbec@it.ht,51
Andrew Campbell,(351) 444-4458,piraf@na.sn,24
Emily Kennedy,(617) 937-6140,cah@upava.pn,60
Gerald Johnston,(701) 937-8698,tukupor@rusizbup.ug,18
Ada Terry,(483) 517-7761,uteibo@noponuk.vg,63
Michael Guzman,(730) 769-6464,gi@biupla.gw,25
Jeanette Thompson,(350) 260-5289,ozehisun@gegtu.lr,44
Henry Garcia,(377) 545-1511,wapuwe@itujsi.tc,19
Juan Newton,(969) 906-3654,uco@ruemmi.li,41
Frederick Bowers,(887) 273-3793,carakdo@rajunap.kn,36
Hilda Hall,(213) 206-1759,kajag@ka.gh,18
Randy Saunders,(484) 359-2967,ihsu@bawo.sc,31
Alma King,(832) 691-1608,gowju@co.aq,43
Duane Wade,(242) 232-2773,wo@zupsec.om,14
Bobby Mendoza,(816) 607-3054,ibimej@fioreze.km,22
Annie Grant,(633) 494-5782,juralcu@wakguwok.us,32
Amelia Reyes,(704) 211-1924,owi@jarerjir.af,18
Dale Perry,(866) 203-7222,widtod@rib.cr,45
Helen Williamson,(727) 228-7320,zoiles@ituufunog.mq,47
Charles Kelley,(368) 485-1147,jema@fo.bf,54
Leila Russell,(576) 339-4692,ke@fone.gf,41
Essie Franklin,(856) 777-3342,sacsut@jekkap.cg,17
Rosie Barnes,(619) 942-5185,cemulwu@midladabo.ye,15
Jon Carson,(559) 632-1206,rijzotge@sahoevo.su,40
Claudia Romero,(757) 407-2216,wiazi@cejerkew.pa,21
Verna McCarthy,(641) 762-5683,mat@ledka.af,34
Ollie Robertson,(640) 860-8408,pozvov@gose.bn,15
Willie Rhodes,(262) 669-9841,zufgebpa@ru.kg,65
Flora Newman,(752) 959-9634,tebaju@avuephe.pe,41
Carolyn Romero,(955) 908-3331,bun@ije.al,40
Lenora Bryant,(630) 631-4164,femfut@carcule.mk,31
Lloyd Morris,(828) 924-8066,kohozeh@la.do,40
Jim Mann,(384) 753-7233,in@fif.bv,47
Marguerite Stevenson,(802) 313-1981,ucekunac@cudac.ec,33
Dale May,(551) 417-4446,sopejol@casopera.me,40
Clara Howell,(744) 262-1642,teri@emeudoabu.tt,41
Nettie Becker,(944) 815-1519,binvehwi@sijewko.uk,47
Alan Mendoza,(714) 237-6316,edzi@ituod.ag,21
Effie Brewer,(384) 510-7821,abudo@selasci.ax,25
Richard Wood,(841) 786-4140,volmo@nesol.ee,23
Chris Dunn,(876) 697-3717,wu@zusu.tj,25
Katharine Carlson,(266) 438-7760,he@ziluk.ro,53
Dora Jefferson,(535) 508-2869,lofejaf@achakuko.ug,41
Nicholas Pena,(769) 861-1904,helpa@genfuav.bh,60
Glen Schmidt,(625) 635-9614,je@fe.cr,43
Lora Wade,(571) 380-7473,debes@zipo.ee,48
Brett Knight,(759) 852-3169,befcuc@bufenowez.jp,26
Glen Love,(801) 288-2333,fi@it.bj,41
Eunice Brock,(886) 346-8417,libmoto@zase.je,40
Bessie Gray,(462) 870-6882,metva@hoghir.ne,25
Callie Thornton,(227) 733-1343,kibu@wasic.ad,38
Pauline Butler,(769) 233-9649,je@iv.sd,58
Adrian Jennings,(784) 454-6101,purof@emeawi.sn,51
Elizabeth Huff,(969) 643-3490,fupnad@cozuvi.gq,12
Betty Andrews,(318) 853-8038,ri@seg.fr,44
Loretta Lee,(321) 317-1603,fagase@sithiwnet.eu,13
Marcus Atkins,(756) 707-7721,naifca@cazupor.tk,21
Alejandro Gilbert,(404) 566-2677,feire@pothatfi.lu,29
Jeffery Warner,(535) 685-7957,paibu@wimida.tw,36
Mary Todd,(719) 353-9142,fejoshod@ivuwoz.tg,19
Richard Ramos,(567) 418-4815,umame@awajit.kn,36
Philip Burton,(745) 689-9340,ovcowo@usbip.tn,9
Susie Terry,(258) 233-7329,uvese@iji.an,33
Alexander Hardy,(817) 922-5831,bidrig@ehuroc.vu,10
Beulah Herrera,(229) 861-4585,egamaga@abu.td,34
Adelaide Harmon,(535) 693-2728,lalu@wecesgi.be,19
Hilda Marshall,(841) 655-6572,tuvav@fu.by,11
Keith Palmer,(810) 998-7921,pamha@bug.pe,43
Tyler Bass,(243) 946-1495,alwar@meje.ni,39
Lillian Matthews,(469) 776-6980,rop@hamnike.bs,14
Abbie Carpenter,(365) 329-4958,keonacod@nivja.ye,39
Hettie Gonzalez,(446) 280-9758,le@ihi.eg,42
Richard Rogers,(914) 863-6957,nicaru@ure.tf,13
Joshua Phillips,(950) 373-1216,pid@pu.kg,41
Frederick Simon,(267) 557-6933,mi@po.gt,8
Glen Franklin,(465) 512-3201,ke@ifudo.mg,11
Caroline Wolfe,(236) 499-6734,viku@lozu.eg,57
Terry Barnett,(879) 540-5071,somdaj@cijnucbe.ps,28
Catherine Poole,(537) 924-4293,en@ilno.st,29
Scott Hicks,(324) 887-1375,goder@lu.af,26
Brian Mills,(280) 421-1667,segok@cep.pk,21
